{
    "arenaData": {
        "initialCoamReward": 1,
        "repeatCoamReward": 1,
        "missionParamId": 9411,
        "introCutsceneId": 230000,
        "outroCutsceneId": -1,
        "bgmSoundId": 50000
    },
    "textData": {
        "acName": "Example",
        "pilotName": "One",
        "arenaDescription": "Something something, this is the arena description blurb.",
        "intro": [
            "Intro 1",
            "Intro 2",
            "Intro 3"
        ],
        "outro": [
            "Outro 1",
            "Outro 2"
        ],
        "characterNameTextId": 200
    },
    "fileData": {
        "acDesign": "Example1.design",
        "logicFile": "99009900_logic.lua",
        "archetypeImage": "archetype_1.dds",
        "decalImage": "decal.dds",
        "decalThumbnail": "decal_thumbnail.dds",
        "introAudioPaths": [
            "intro\\0.wav",
            "intro\\1.wav",
            "intro\\2.wav"
        ],
        "outroAudioPaths": [
            "outro\\0.wav",
            "outro\\1.wav"
        ]
    },
    "logicId": -1
}