{
    "arenaData": {
        "initialCoamReward": 1,
        "repeatCoamReward": 1,
        "missionParamId": 9411,
        "introCutsceneId": 230000,
        "outroCutsceneId": -1,
        "bgmSoundId": 50000
    },
    "textData": {
        "acName": "TRISIRAS",
        "pilotName": "Cossack",
        "arenaDescription": "Something something, this is the arena description blurb.",
        "introLines": [
            "Intro 1",
            "Intro 2",
            "Intro 3"
        ],
        "outroLines": [
            "Outro 1",
            "Outro 2"
        ],
        "characterNameTextId": 200
    }
}