{
    "arenaData": {
        "initialCoamReward": 1,
        "repeatCoamReward": 1,
        "missionParamId": 9411,
        "introCutsceneId": 230000,
        "outroCutsceneId": -1,
        "bgmSoundId": 50000
    },
    "textData": {
        "acName": "THREE",
        "pilotName": "3Cossack",
        "arenaDescription": "thirdTEST.",
        "introLines": [
            "FUCK",
            "ITY",
            "FUCKY"
        ],
        "outroLines": [
            "OUGH",
            "SOB EMOJI"
        ],
        "characterNameTextId": 200
    }
}