{
    "arenaData": {
        "initialCoamReward": 1,
        "repeatCoamReward": 1,
        "missionParamId": 9410,
        "introCutsceneId": 230000,
        "outroCutsceneId": -1,
        "bgmSoundId": 50000
    },
    "textData": {
        "acName": "Example",
        "pilotName": "Two",
        "arenaDescription": "Something something, TEST 2.",
        "characterNameTextId": 200
    },
    "fileData": {
        "acDesign": "TRISIRAS.design"
    },
    "logicId": 10500000
}